{"cameraMode":{"drawMode":0,"name":"Shaded","section":"Shading Mode"},"sceneLighting":true,"audioPlay":false,"sceneViewState":{"showFog":true,"showMaterialUpdate":false,"showSkybox":true,"showFlares":true,"showImageEffects":true,"showParticleSystems":true},"in2DMode":false,"pivot":{"x":-12.663328170776368,"y":12.199575424194336,"z":-35.61037826538086},"rotation":{"x":0.058754030615091327,"y":0.028762096539139749,"z":-0.001634508022107184,"w":0.9978833198547363},"size":11.925186157226563,"orthographic":false}